10,000 Hours (with Justin Bieber)
10,000 Hours (with Justin Bieber)
10,000 Hours (with Justin Bieber)
10,000 Hours (with Justin Bieber)
11 PM
11 PM
11 PM
2002
2002
223's (feat. 9lokknine)
223's (feat. 9lokknine)
223's (feat. 9lokknine)
223's (feat. 9lokknine)
3 Nights
3 Nights
3 Nights
3 Nights
7 rings
7 rings
7 rings
7 rings
A Gente Fez Amor - Ao Vivo
A Sweeter Place (feat. Kid Cudi)
Adicto (with Anuel AA & Ozuna)
Adicto (with Anuel AA & Ozuna)
Adicto (with Anuel AA & Ozuna)
Adicto (with Anuel AA & Ozuna)
Adore You
Adore You
Adore You
Adore You
Alfred - Interlude
All Girls Are The Same
All I Want - From High School Musical: The Musical: The Series
All I Want - From High School Musical: The Musical: The Series
All I Want - From High School Musical: The Musical: The Series
All I Want - From High School Musical: The Musical: The Series
All of Me
All of Me
All of Me
all the good girls go to hell
all the good girls go to hell
all the good girls go to hell
Alone
Alone
Alone
Alone
Aventura
Aventura
Aventura
Aventura
Ayy Macarena
Ayy Macarena
Ayy Macarena
Ayy Macarena
B.I.T.C.H.
bad guy
bad guy
bad guy
bad guy
Ballin' (with Roddy Ricch)
Ballin' (with Roddy Ricch)
Ballin' (with Roddy Ricch)
Ballin' (with Roddy Ricch)
Bandit (with YoungBoy Never Broke Again)
Bandit (with YoungBoy Never Broke Again)
Bandit (with YoungBoy Never Broke Again)
Bandit (with YoungBoy Never Broke Again)
Be Alright
Be Alright
Be Alright
Be Alright
Beautiful People (feat. Khalid)
Beautiful People (feat. Khalid)
Beautiful People (feat. Khalid)
Beautiful People (feat. Khalid)
Before You Go
Before You Go
Before You Go
Before You Go
Believer
Believer
Believer
Believer
Bellaquita - Remix
Bellaquita - Remix
Bellaquita - Remix
Bellaquita - Remix
Better
Better Now
Better Now
Better Now
Better Now
Bi Sonraki Hayatimda Gel
Big Drip
Black Swan
Black Swan
Blanche
Blanco
Blanco
Blanco
Blanco
Blinding Lights
Blinding Lights
Blinding Lights
Blinding Lights
Blue World
Blue World
Bohemian Rhapsody - 2011 Mix
Bohemian Rhapsody - 2011 Mix
Bohemian Rhapsody - 2011 Mix
Bohemian Rhapsody - 2011 Mix
BOP
BOP
BOP
BOP
Boy With Luv (feat. Halsey)
Break My Stride
Break My Stride
Bruises
Bruises
Bruises
Bruises
bury a friend
bury a friend
bury a friend
bury a friend
Callaita
Callaita
Callaita
Callaita
Calma - Remix
Calma - Remix
Can We Kiss Forever?
Can We Kiss Forever?
Can We Kiss Forever?
Can We Kiss Forever?
China
China
China
China
Circles
Circles
Circles
Circles
Circles
Closer (feat. Halsey)